{"bias":false,"dropout":0,"n_layer":12,"vocab_size":50304,"lr":4.9751243781094526e-05,"block_size":1024,"n_embd":768,"mfu":-100,"effective_it":0,"_runtime":45,"n_head":12,"lora_alpha":1,"warmup_iters":200,"embedding_mode":"lora","gradient_accumulation_steps":2,"_wandb":{"runtime":45},"embedding_rank":48,"_step":3,"n_hidden":3072,"val/loss":10.95301342010498,"time/elapsed_seconds":20.10718822479248,"attn_lora_rank":48,"_timestamp":1.7530228659352112e+09,"batch_size":32,"lr_decay_iters":600000,"iter":0,"train/loss":10.956155776977539}