{"embedding_rank":48,"_step":1569,"dropout":0,"gradient_accumulation_steps":2,"n_layer":3,"bias":false,"train/loss":6.849856376647949,"n_hidden":768,"analysis/attention_entropy":4.19628628094991,"lr":0.002999976597615609,"_wandb":{"runtime":966},"vocab_size":50304,"lr_decay_iters":600000,"_timestamp":1.753029696323758e+09,"block_size":1024,"_runtime":966,"effective_it":1349,"time/elapsed_seconds":937.5405707359314,"mfu":30.083872915241283,"attn_lora_rank":48,"embedding_mode":"lora","batch_size":32,"lr_multiplier":3,"iter":1549,"n_embd":768,"lora_alpha":1,"val/loss":6.8500471115112305,"n_head":12,"analysis/mlp_rank_utilization":0.97265625,"warmup_iters":200}