{"bias":false,"mfu":30.101788605544616,"train/loss":6.620667457580566,"embedding_rank":48,"attn_lora_rank":48,"val/loss":6.600555419921875,"n_embd":768,"_runtime":851,"iter":1389,"gradient_accumulation_steps":2,"batch_size":32,"lr_multiplier":2.5,"lora_alpha":1,"warmup_iters_multiplier":4,"_wandb":{"runtime":851},"effective_it":389,"n_layer":3,"warmup_iters":800,"time/elapsed_seconds":799.4513165950775,"n_hidden":768,"dropout":0,"lr_decay_iters":2400000,"_step":1411,"n_head":12,"lr":0.0009394506866416979,"embedding_mode":"lora","block_size":1024,"_timestamp":1.7530241164898517e+09,"vocab_size":50304}