{"vocab_size":50304,"n_head":12,"embedding_mode":"lora","iter":3010,"train/loss":6.009871959686279,"dropout":0,"n_embd":768,"_runtime":1462,"n_layer":6,"_timestamp":1.753026060304134e+09,"val/loss":6.0539398193359375,"gradient_accumulation_steps":2,"warmup_iters_multiplier":8,"lr":7.885696439725172e-05,"_wandb":{"runtime":1462},"layer_count":6,"embedding_rank":48,"mfu":28.080442202224916,"_step":1741,"block_size":1024,"bias":false,"lr_decay_iters":4800000,"lora_alpha":1,"n_hidden":768,"attn_lora_rank":48,"effective_it":110,"lr_multiplier":1.25,"time/elapsed_seconds":1453.710299730301,"warmup_iters":1600,"batch_size":32}