{"n_layer":1,"block_size":1024,"_wandb":{"runtime":579},"embedding_mode":"lora","embedding_rank":12,"_runtime":579,"effective_it":1279,"lora_alpha":1,"dropout":0,"n_embd":768,"n_head":12,"analysis/mlp_rank_utilization":0.9752604166666666,"train/loss":8.56436824798584,"lr_decay_iters":600000,"warmup_iters":200,"mfu":32.99090895708371,"_step":1294,"batch_size":32,"val/loss":8.623409271240234,"lr":9.99997256620875e-05,"vocab_size":50304,"iter":1279,"analysis/attention_entropy":5.8997955322265625,"n_hidden":768,"_timestamp":1.7530453761514862e+09,"time/elapsed_seconds":546.6026563644409,"attn_lora_rank":12,"bias":false,"gradient_accumulation_steps":2}