{"mfu":20.00993299668421,"_runtime":85,"_timestamp":1.7529426454921358e+09,"_step":1,"lr":0.002435643564356435,"_wandb":{"runtime":85},"train/loss":7.173025608062744,"iter":40,"val/loss":7.549391269683838}