{"_step":1096,"mfu":29.12808916313489,"iter":1077,"train/loss":6.794943809509277,"grad_accum":4,"gradient_accumulation_steps":4,"layer_count":6,"effective_it":577,"batch_size":16,"lr":0.0034299996068789845,"lr_multiplier":3.4299999999999993,"_wandb":{"runtime":790},"warmup_iters_multiplier":1.5,"_timestamp":1.7530088180228646e+09,"warmup_iters":300,"val/loss":6.81580114364624,"_runtime":790,"lr_decay_iters":900000}