{"batch_size":2,"n_hidden":1536,"grad_accum":32,"embedding_rank":24,"_wandb":{"runtime":3572},"mfu":21.68160592990681,"lr_multiplier":0.3125,"effective_it":168,"warmup_iters":1800,"attn_lora_rank_divisor":64,"_step":2827,"layer_count":12,"iter":2768,"lr":0.00031249997985326395,"_timestamp":1.753006436165895e+09,"lr_decay_iters":5400000,"attn_lora_rank":12,"_runtime":3572,"warmup_iters_multiplier":9,"val/loss":6.286098480224609,"gradient_accumulation_steps":32,"train/loss":6.46151876449585}