{"_wandb":{"runtime":580},"lr":0.00029468531468531463,"attn_lora_rank":48,"_step":825,"layer_count":6,"n_head":12,"val/loss":7.072040557861328,"_runtime":580,"lr_multiplier":0.98,"block_size":1024,"warmup_iters":1000,"iter":800,"n_layer":6,"warmup_iters_multiplier":5,"n_embd":768,"vocab_size":50304,"mfu":29.435365661726376,"dropout":0,"grad_accum":8,"embedding_rank":48,"batch_size":8,"n_hidden":768,"_timestamp":1.7530172187346406e+09,"embedding_mode":"lora","lr_decay_iters":3000000,"bias":false,"effective_it":300,"gradient_accumulation_steps":4,"time/elapsed_seconds":563.1489470005035,"lora_alpha":1,"train/loss":7.119311332702637}