{"embedding_rank":48,"block_size":1024,"mfu":34.895606315305464,"analysis/mlp_rank_utilization":0.9752604166666666,"_timestamp":1.7530441429170423e+09,"lora_alpha":1,"n_embd":768,"lr_decay_iters":600000,"_runtime":376,"_wandb":{"runtime":376},"gradient_accumulation_steps":8,"warmup_iters":200,"iter":2015,"vocab_size":50304,"batch_size":32,"effective_it":2015,"n_layer":1,"time/elapsed_seconds":350.8803677558899,"train/loss":8.19019889831543,"embedding_mode":"lora","val/loss":8.175553321838379,"dropout":0,"n_head":12,"_step":219,"lr":1.999982222994306e-05,"bias":false,"n_hidden":768,"analysis/attention_entropy":5.667504787445068,"attn_lora_rank":48}