{"_wandb":{"runtime":5938},"_timestamp":1.7530006199970312e+09,"_runtime":5938,"lr":3.477365302721718e-05,"mfu":14.367584360065342,"train/loss":6.162384986877441,"val/loss":6.265726566314697,"iter":3600,"_step":41}