{"lr_decay_iters":600000,"dropout":0,"lora_alpha":1,"batch_size":32,"embedding_mode":"lora","_step":3,"_wandb":{"runtime":44},"_runtime":44,"embedding_rank":48,"n_embd":768,"attn_lora_rank":0,"time/elapsed_seconds":20.044275999069214,"gradient_accumulation_steps":2,"mfu":-100,"val/loss":10.990296363830566,"n_layer":12,"block_size":1024,"_timestamp":1.7530225504776099e+09,"bias":false,"train/loss":10.988713264465332,"n_head":12,"vocab_size":50304,"warmup_iters":200,"effective_it":0,"lr":4.9751243781094526e-05,"iter":0,"n_hidden":3072}