{"analysis/mlp_rank_utilization":0.9752604166666666,"_wandb":{"runtime":20},"n_layer":1,"lora_alpha":1,"mfu":-100,"vocab_size":50304,"time/elapsed_seconds":10.580689668655396,"n_embd":768,"block_size":1024,"dropout":0,"lr_decay_iters":600000,"attn_lora_rank":12,"val/loss":10.968631744384766,"n_head":12,"_timestamp":1.753044757988403e+09,"n_hidden":768,"iter":0,"train/loss":10.969497680664062,"effective_it":0,"embedding_mode":"lora","embedding_rank":12,"batch_size":64,"analysis/attention_entropy":5.8914794921875,"lr":4.975124378109453e-07,"_step":3,"warmup_iters":200,"bias":false,"_runtime":20,"gradient_accumulation_steps":2}