{"embedding_mode":"lora","dropout":0,"_timestamp":1.7530148247105367e+09,"train/loss":8.529443740844727,"warmup_iters":200,"time/elapsed_seconds":144.8550832271576,"vocab_size":50304,"attn_lora_rank":48,"n_hidden":768,"iter":130,"n_layer":3,"gradient_accumulation_steps":2,"batch_size":32,"_wandb":{"runtime":167},"_step":134,"_runtime":167,"n_head":12,"lora_alpha":1,"effective_it":130,"bias":false,"val/loss":8.577812194824219,"embedding_rank":48,"mfu":33.797010744782256,"lr":0.005024875621890548,"n_embd":768,"lr_decay_iters":600000,"block_size":1024}