{"lr":0.004999999677652223,"iter":300,"val/loss":7.612532138824463,"_step":5,"_runtime":229,"train/loss":7.590152740478516,"mfu":30.04950916629685,"_timestamp":1.7529677693110464e+09,"_wandb":{"runtime":229}}