{"_runtime":18,"batch_size":32,"n_head":12,"_timestamp":1.75304686131285e+09,"n_layer":2,"gradient_accumulation_steps":2,"train/loss":6.601070404052734,"effective_it":400,"attn_lora_rank":0,"_wandb":{"runtime":18},"embedding_mode":"lora","dropout":0,"time/elapsed_seconds":11.168748617172241,"n_embd":768,"iter":400,"n_hidden":768,"vocab_size":50304,"bias":false,"val/loss":6.821575164794922,"analysis/mlp_rank_utilization":0.9713541666666666,"embedding_rank":0,"lr_decay_iters":600000,"layer_count":2,"lr":9.999998902645942e-05,"lora_alpha":1,"block_size":1024,"warmup_iters":200,"_step":6,"mfu":-100,"analysis/attention_entropy":5.5032782554626465}