{"n_embd":768,"mfu":-100,"gradient_accumulation_steps":8,"analysis/attention_entropy":5.891151428222656,"batch_size":32,"val/loss":10.954339981079102,"block_size":1024,"time/elapsed_seconds":4.188874244689941,"attn_lora_rank":48,"_runtime":38,"lora_alpha":1,"bias":false,"n_head":12,"embedding_rank":48,"_step":23,"lr_decay_iters":600000,"vocab_size":50304,"_timestamp":1.7530442433237479e+09,"iter":20,"train/loss":10.945000648498535,"dropout":0,"n_hidden":768,"effective_it":20,"lr":9.950248756218906e-08,"n_layer":1,"_wandb":{"runtime":38},"warmup_iters":200,"analysis/mlp_rank_utilization":0.9752604166666666,"embedding_mode":"lora"}