{"train/loss":4.950760841369629,"mfu":26.75365403695695,"_wandb":{"runtime":2462},"_timestamp":1.7529475677322502e+09,"_runtime":2462,"iter":1000,"_step":8,"val/loss":4.932155609130859,"lr":0.0003151574212893552}