{"analysis/attention_entropy":5.891737937927246,"batch_size":32,"val/loss":10.978447914123535,"embedding_mode":"lora","lora_alpha":1,"warmup_iters":200,"time/elapsed_seconds":15.609482765197754,"n_embd":768,"bias":false,"embedding_rank":0,"vocab_size":50304,"mfu":-100,"attn_lora_rank":0,"dropout":0,"block_size":1024,"lr":4.975124378109453e-07,"analysis/mlp_rank_utilization":0.9752604166666666,"train/loss":10.958732604980469,"lr_decay_iters":600000,"effective_it":0,"gradient_accumulation_steps":2,"iter":0,"_timestamp":1.7530464135752263e+09,"_runtime":23,"n_hidden":768,"_wandb":{"runtime":23},"n_layer":1,"n_head":12,"_step":3}