{"batch_size":32,"gradient_accumulation_steps":2,"block_size":1024,"n_head":12,"train/loss":7.297113418579102,"bias":false,"_runtime":576,"_step":1183,"lr_decay_iters":600000,"_wandb":{"runtime":576},"analysis/mlp_rank_utilization":0.9635416666666666,"attn_lora_rank":0,"embedding_mode":"lora","embedding_rank":0,"n_layer":0,"effective_it":1170,"n_embd":768,"n_hidden":192,"iter":1170,"lora_alpha":1,"val/loss":7.375514507293701,"time/elapsed_seconds":492.7261507511139,"dropout":0,"lr":9.999982442359149e-05,"mfu":966.8214500504371,"_timestamp":1.7530462227980893e+09,"vocab_size":50304,"warmup_iters":200}