{"train/loss":4.711880207061768,"lr":0.0005999981743112622,"mfu":12.993319604255351,"_timestamp":1.7528843222310932e+09,"_wandb":{"runtime":1076},"_runtime":1076,"_step":54,"val/loss":4.84222936630249,"iter":2700}