{"dropout":0,"n_hidden":768,"batch_size":32,"gradient_accumulation_steps":1,"n_head":12,"effective_it":1810,"val/loss":8.162266731262207,"_runtime":347,"warmup_iters":200,"n_layer":1,"vocab_size":50304,"lr_decay_iters":600000,"_wandb":{"runtime":347},"_timestamp":1.753043701828642e+09,"bias":false,"iter":1810,"block_size":1024,"n_embd":768,"analysis/mlp_rank_utilization":0.9752604166666666,"time/elapsed_seconds":343.45479011535645,"_step":1540,"lr":0.00019999669917800884,"embedding_rank":48,"train/loss":8.117473602294922,"attn_lora_rank":48,"analysis/attention_entropy":5.717462539672852,"embedding_mode":"lora","lora_alpha":1,"mfu":1022.8082930753658}