{"_step":2052,"train/loss":6.831185817718506,"dropout":0,"n_hidden":3072,"time/elapsed_seconds":1444.0959730148315,"warmup_iters":1000,"lr_multiplier":0.6859999999999999,"lora_alpha":1,"_timestamp":1.7530166146682577e+09,"lr":0.0004804055944055944,"vocab_size":50304,"n_embd":768,"n_layer":6,"embedding_rank":48,"layer_count":6,"val/loss":6.8514862060546875,"n_head":12,"block_size":1024,"iter":2000,"lr_decay_iters":3000000,"mfu":29.666737114685386,"_wandb":{"runtime":1455},"attn_lora_rank":48,"bias":false,"warmup_iters_multiplier":5,"grad_accum":16,"gradient_accumulation_steps":8,"embedding_mode":"lora","batch_size":4,"effective_it":700,"_runtime":1455}