{"n_hidden":768,"embedding_rank":48,"batch_size":32,"n_head":12,"vocab_size":50304,"lora_alpha":1,"n_embd":768,"time/elapsed_seconds":442.29303526878357,"block_size":1024,"_runtime":462,"effective_it":730,"analysis/mlp_rank_utilization":0.46484375,"lr":0.009999983882620005,"analysis/attention_entropy":3.9232192039489746,"_wandb":{"runtime":462},"lr_decay_iters":600000,"val/loss":7.231064796447754,"_step":740,"iter":730,"bias":false,"train/loss":7.15151834487915,"attn_lora_rank":48,"dropout":0,"n_layer":3,"mfu":30.2676279577288,"gradient_accumulation_steps":2,"warmup_iters":200,"embedding_mode":"lora","_timestamp":1.7530268500340867e+09}